<?xml version="1.0" encoding="utf-8"?>
<sucursales>
    <sucursal id="1">
        <nombre>Sucursal 1</nombre>
        <ubicacion>Sitio aleatorio</ubicacion>
        <departamentos>
            <departamento idDepartamento="1">
                <nombreDepartamento>Limpieza</nombreDepartamento>
                <numeroEmpleados>2</numeroEmpleados>
                <empleados>
                    <empleado idEmpleado="1">
                        <nombreEmpleado>José Antonio Alacid</nombreEmpleado>
                        <edad>21</edad>
                        <posicion>Currante promedio</posicion>
                        <roles>
                            <rol idRol="1">
                                <nombreRol>Quita polvo</nombreRol>
                                <nivel>Monje mistweaver lvl 69</nivel>
                                <proyectos>
                                    <proyecto idProyecto="1">
                                        <nombreProyecto>Healer m+</nombreProyecto>
                                        <fechaEntrega>
                                            <year>2023</year>
                                            <mes>12</mes>
                                            <dia>23</dia>
                                        </fechaEntrega>
                                    </proyecto>
                                    <proyecto idProyecto="2">
                                        <nombreProyecto>Healer raid</nombreProyecto>
                                        <fechaEntrega>
                                            <year>2023</year>
                                            <mes>12</mes>
                                            <dia>26</dia>
                                        </fechaEntrega>
                                    </proyecto>
                                </proyectos>
                            </rol>
                            <rol idRol="2">
                                <nombreRol>Quita polvo</nombreRol>
                                <nivel>Monje mistweaver lvl 69</nivel>
                                <proyectos>
                                    <proyecto idProyecto="1">
                                        <nombreProyecto>Healer m+</nombreProyecto>
                                        <fechaEntrega>
                                            <year>2023</year>
                                            <mes>12</mes>
                                            <dia>23</dia>
                                        </fechaEntrega>
                                    </proyecto>
                                    <proyecto idProyecto="2">
                                        <nombreProyecto>Healer raid</nombreProyecto>
                                        <fechaEntrega>
                                            <year>2023</year>
                                            <mes>12</mes>
                                            <dia>26</dia>
                                        </fechaEntrega>
                                    </proyecto>
                                </proyectos>
                            </rol>
                        </roles>
                    </empleado>
                    <empleado idEmpleado="2">
                        <nombreEmpleado>José Antonio Alacid</nombreEmpleado>
                        <edad>21</edad>
                        <posicion>Currante promedio</posicion>
                        <roles>
                            <rol idRol="1">
                                <nombreRol>Quita polvo</nombreRol>
                                <nivel>Monje mistweaver lvl 69</nivel>
                                <proyectos>
                                    <proyecto idProyecto="1">
                                        <nombreProyecto>Healer m+</nombreProyecto>
                                        <fechaEntrega>
                                            <year>2023</year>
                                            <mes>12</mes>
                                            <dia>23</dia>
                                        </fechaEntrega>
                                    </proyecto>
                                    <proyecto idProyecto="2">
                                        <nombreProyecto>Healer raid</nombreProyecto>
                                        <fechaEntrega>
                                            <year>2023</year>
                                            <mes>12</mes>
                                            <dia>26</dia>
                                        </fechaEntrega>
                                    </proyecto>
                                </proyectos>
                            </rol>
                            <rol idRol="2">
                                <nombreRol>Quita polvo</nombreRol>
                                <nivel>Monje mistweaver lvl 69</nivel>
                                <proyectos>
                                    <proyecto idProyecto="1">
                                        <nombreProyecto>Healer m+</nombreProyecto>
                                        <fechaEntrega>
                                            <year>2023</year>
                                            <mes>12</mes>
                                            <dia>23</dia>
                                        </fechaEntrega>
                                    </proyecto>
                                    <proyecto idProyecto="2">
                                        <nombreProyecto>Healer raid</nombreProyecto>
                                        <fechaEntrega>
                                            <year>2023</year>
                                            <mes>12</mes>
                                            <dia>26</dia>
                                        </fechaEntrega>
                                    </proyecto>
                                </proyectos>
                            </rol>
                        </roles>
                    </empleado>
                </empleados>
            </departamento>
            <departamento idDepartamento="2">
                <nombreDepartamento>Limpieza</nombreDepartamento>
                <numeroEmpleados>2</numeroEmpleados>
                <empleados>
                    <empleado idEmpleado="1">
                        <nombreEmpleado>José Antonio Alacid</nombreEmpleado>
                        <edad>21</edad>
                        <posicion>Currante promedio</posicion>
                        <roles>
                            <rol idRol="1">
                                <nombreRol>Quita polvo</nombreRol>
                                <nivel>Monje mistweaver lvl 69</nivel>
                                <proyectos>
                                    <proyecto idProyecto="1">
                                        <nombreProyecto>Healer m+</nombreProyecto>
                                        <fechaEntrega>
                                            <year>2023</year>
                                            <mes>12</mes>
                                            <dia>23</dia>
                                        </fechaEntrega>
                                    </proyecto>
                                    <proyecto idProyecto="2">
                                        <nombreProyecto>Healer raid</nombreProyecto>
                                        <fechaEntrega>
                                            <year>2023</year>
                                            <mes>12</mes>
                                            <dia>26</dia>
                                        </fechaEntrega>
                                    </proyecto>
                                </proyectos>
                            </rol>
                            <rol idRol="2">
                                <nombreRol>Quita polvo</nombreRol>
                                <nivel>Monje mistweaver lvl 69</nivel>
                                <proyectos>
                                    <proyecto idProyecto="1">
                                        <nombreProyecto>Healer m+</nombreProyecto>
                                        <fechaEntrega>
                                            <year>2023</year>
                                            <mes>12</mes>
                                            <dia>23</dia>
                                        </fechaEntrega>
                                    </proyecto>
                                    <proyecto idProyecto="2">
                                        <nombreProyecto>Healer raid</nombreProyecto>
                                        <fechaEntrega>
                                            <year>2023</year>
                                            <mes>12</mes>
                                            <dia>26</dia>
                                        </fechaEntrega>
                                    </proyecto>
                                </proyectos>
                            </rol>
                        </roles>
                    </empleado>
                    <empleado idEmpleado="2">
                        <nombreEmpleado>José Antonio Alacid</nombreEmpleado>
                        <edad>21</edad>
                        <posicion>Currante promedio</posicion>
                        <roles>
                            <rol idRol="1">
                                <nombreRol>Quita polvo</nombreRol>
                                <nivel>Monje mistweaver lvl 69</nivel>
                                <proyectos>
                                    <proyecto idProyecto="1">
                                        <nombreProyecto>Healer m+</nombreProyecto>
                                        <fechaEntrega>
                                            <year>2023</year>
                                            <mes>12</mes>
                                            <dia>23</dia>
                                        </fechaEntrega>
                                    </proyecto>
                                    <proyecto idProyecto="2">
                                        <nombreProyecto>Healer raid</nombreProyecto>
                                        <fechaEntrega>
                                            <year>2023</year>
                                            <mes>12</mes>
                                            <dia>26</dia>
                                        </fechaEntrega>
                                    </proyecto>
                                </proyectos>
                            </rol>
                            <rol idRol="2">
                                <nombreRol>Quita polvo</nombreRol>
                                <nivel>Monje mistweaver lvl 69</nivel>
                                <proyectos>
                                    <proyecto idProyecto="1">
                                        <nombreProyecto>Healer m+</nombreProyecto>
                                        <fechaEntrega>
                                            <year>2023</year>
                                            <mes>12</mes>
                                            <dia>23</dia>
                                        </fechaEntrega>
                                    </proyecto>
                                    <proyecto idProyecto="2">
                                        <nombreProyecto>Healer raid</nombreProyecto>
                                        <fechaEntrega>
                                            <year>2023</year>
                                            <mes>12</mes>
                                            <dia>26</dia>
                                        </fechaEntrega>
                                    </proyecto>
                                </proyectos>
                            </rol>
                        </roles>
                    </empleado>
                </empleados>
            </departamento>
        </departamentos>
    </sucursal>
    <sucursal id="2">
        <nombre>Sucursal 1</nombre>
        <ubicacion>Sitio aleatorio</ubicacion>
        <departamentos>
            <departamento idDepartamento="1">
                <nombreDepartamento>Limpieza</nombreDepartamento>
                <numeroEmpleados>2</numeroEmpleados>
                <empleados>
                    <empleado idEmpleado="1">
                        <nombreEmpleado>José Antonio Alacid</nombreEmpleado>
                        <edad>21</edad>
                        <posicion>Currante promedio</posicion>
                        <roles>
                            <rol idRol="1">
                                <nombreRol>Quita polvo</nombreRol>
                                <nivel>Monje mistweaver lvl 69</nivel>
                                <proyectos>
                                    <proyecto idProyecto="1">
                                        <nombreProyecto>Healer m+</nombreProyecto>
                                        <fechaEntrega>
                                            <year>2023</year>
                                            <mes>12</mes>
                                            <dia>23</dia>
                                        </fechaEntrega>
                                    </proyecto>
                                    <proyecto idProyecto="2">
                                        <nombreProyecto>Healer raid</nombreProyecto>
                                        <fechaEntrega>
                                            <year>2023</year>
                                            <mes>12</mes>
                                            <dia>26</dia>
                                        </fechaEntrega>
                                    </proyecto>
                                </proyectos>
                            </rol>
                            <rol idRol="2">
                                <nombreRol>Quita polvo</nombreRol>
                                <nivel>Monje mistweaver lvl 69</nivel>
                                <proyectos>
                                    <proyecto idProyecto="1">
                                        <nombreProyecto>Healer m+</nombreProyecto>
                                        <fechaEntrega>
                                            <year>2023</year>
                                            <mes>12</mes>
                                            <dia>23</dia>
                                        </fechaEntrega>
                                    </proyecto>
                                    <proyecto idProyecto="2">
                                        <nombreProyecto>Healer raid</nombreProyecto>
                                        <fechaEntrega>
                                            <year>2023</year>
                                            <mes>12</mes>
                                            <dia>26</dia>
                                        </fechaEntrega>
                                    </proyecto>
                                </proyectos>
                            </rol>
                        </roles>
                    </empleado>
                    <empleado idEmpleado="2">
                        <nombreEmpleado>José Antonio Alacid</nombreEmpleado>
                        <edad>21</edad>
                        <posicion>Currante promedio</posicion>
                        <roles>
                            <rol idRol="1">
                                <nombreRol>Quita polvo</nombreRol>
                                <nivel>Monje mistweaver lvl 69</nivel>
                                <proyectos>
                                    <proyecto idProyecto="1">
                                        <nombreProyecto>Healer m+</nombreProyecto>
                                        <fechaEntrega>
                                            <year>2023</year>
                                            <mes>12</mes>
                                            <dia>23</dia>
                                        </fechaEntrega>
                                    </proyecto>
                                    <proyecto idProyecto="2">
                                        <nombreProyecto>Healer raid</nombreProyecto>
                                        <fechaEntrega>
                                            <year>2023</year>
                                            <mes>12</mes>
                                            <dia>26</dia>
                                        </fechaEntrega>
                                    </proyecto>
                                </proyectos>
                            </rol>
                            <rol idRol="2">
                                <nombreRol>Quita polvo</nombreRol>
                                <nivel>Monje mistweaver lvl 69</nivel>
                                <proyectos>
                                    <proyecto idProyecto="1">
                                        <nombreProyecto>Healer m+</nombreProyecto>
                                        <fechaEntrega>
                                            <year>2023</year>
                                            <mes>12</mes>
                                            <dia>23</dia>
                                        </fechaEntrega>
                                    </proyecto>
                                    <proyecto idProyecto="2">
                                        <nombreProyecto>Healer raid</nombreProyecto>
                                        <fechaEntrega>
                                            <year>2023</year>
                                            <mes>12</mes>
                                            <dia>26</dia>
                                        </fechaEntrega>
                                    </proyecto>
                                </proyectos>
                            </rol>
                        </roles>
                    </empleado>
                </empleados>
            </departamento>
            <departamento idDepartamento="2">
                <nombreDepartamento>Limpieza</nombreDepartamento>
                <numeroEmpleados>2</numeroEmpleados>
                <empleados>
                    <empleado idEmpleado="1">
                        <nombreEmpleado>José Antonio Alacid</nombreEmpleado>
                        <edad>21</edad>
                        <posicion>Currante promedio</posicion>
                        <roles>
                            <rol idRol="1">
                                <nombreRol>Quita polvo</nombreRol>
                                <nivel>Monje mistweaver lvl 69</nivel>
                                <proyectos>
                                    <proyecto idProyecto="1">
                                        <nombreProyecto>Healer m+</nombreProyecto>
                                        <fechaEntrega>
                                            <year>2023</year>
                                            <mes>12</mes>
                                            <dia>23</dia>
                                        </fechaEntrega>
                                    </proyecto>
                                    <proyecto idProyecto="2">
                                        <nombreProyecto>Healer raid</nombreProyecto>
                                        <fechaEntrega>
                                            <year>2023</year>
                                            <mes>12</mes>
                                            <dia>26</dia>
                                        </fechaEntrega>
                                    </proyecto>
                                </proyectos>
                            </rol>
                            <rol idRol="2">
                                <nombreRol>Quita polvo</nombreRol>
                                <nivel>Monje mistweaver lvl 69</nivel>
                                <proyectos>
                                    <proyecto idProyecto="1">
                                        <nombreProyecto>Healer m+</nombreProyecto>
                                        <fechaEntrega>
                                            <year>2023</year>
                                            <mes>12</mes>
                                            <dia>23</dia>
                                        </fechaEntrega>
                                    </proyecto>
                                    <proyecto idProyecto="2">
                                        <nombreProyecto>Healer raid</nombreProyecto>
                                        <fechaEntrega>
                                            <year>2023</year>
                                            <mes>12</mes>
                                            <dia>26</dia>
                                        </fechaEntrega>
                                    </proyecto>
                                </proyectos>
                            </rol>
                        </roles>
                    </empleado>
                    <empleado idEmpleado="2">
                        <nombreEmpleado>José Antonio Alacid</nombreEmpleado>
                        <edad>21</edad>
                        <posicion>Currante promedio</posicion>
                        <roles>
                            <rol idRol="1">
                                <nombreRol>Quita polvo</nombreRol>
                                <nivel>Monje mistweaver lvl 69</nivel>
                                <proyectos>
                                    <proyecto idProyecto="1">
                                        <nombreProyecto>Healer m+</nombreProyecto>
                                        <fechaEntrega>
                                            <year>2023</year>
                                            <mes>12</mes>
                                            <dia>23</dia>
                                        </fechaEntrega>
                                    </proyecto>
                                    <proyecto idProyecto="2">
                                        <nombreProyecto>Healer raid</nombreProyecto>
                                        <fechaEntrega>
                                            <year>2023</year>
                                            <mes>12</mes>
                                            <dia>26</dia>
                                        </fechaEntrega>
                                    </proyecto>
                                </proyectos>
                            </rol>
                            <rol idRol="2">
                                <nombreRol>Quita polvo</nombreRol>
                                <nivel>Monje mistweaver lvl 69</nivel>
                                <proyectos>
                                    <proyecto idProyecto="1">
                                        <nombreProyecto>Healer m+</nombreProyecto>
                                        <fechaEntrega>
                                            <year>2023</year>
                                            <mes>12</mes>
                                            <dia>23</dia>
                                        </fechaEntrega>
                                    </proyecto>
                                    <proyecto idProyecto="2">
                                        <nombreProyecto>Healer raid</nombreProyecto>
                                        <fechaEntrega>
                                            <year>2023</year>
                                            <mes>12</mes>
                                            <dia>26</dia>
                                        </fechaEntrega>
                                    </proyecto>
                                </proyectos>
                            </rol>
                        </roles>
                    </empleado>
                </empleados>
            </departamento>
        </departamentos>
    </sucursal>
</sucursales>