<?xml version="1.0" encoding="utf-8"?>
<bibliotecas>
    <biblioteca>
        <nombre></nombre>
        <direccion>
            <pais></pais>
            <ciudad></ciudad>
            <calle></calle>
            <numero></numero>
        </direccion>
        <salas>
            <sala>
                <nombreSala></nombreSala>
                <capacidad></capacidad>
                <estantes>
                    <estante id="1", tema="Manga">
                        <libros>
                            <libro>
                                <titulo></titulo>
                                <publicacion>
                                    <year></year>
                                    <mes></mes>
                                    <dia></dia>
                                </publicacion>
                                <autores>
                                    <autor>
                                        <nombre></nombre>
                                        <nacimiento></nacimiento>
                                    </autor>
                                    <autor>
                                        <nombre></nombre>
                                        <nacimiento></nacimiento>
                                    </autor>
                                </autores>
                            </libro>
                            <libro>
                                <titulo></titulo>
                                <publicacion>
                                    <year></year>
                                    <mes></mes>
                                    <dia></dia>
                                </publicacion>
                                <autores>
                                    <autor>
                                        <nombre></nombre>
                                        <nacimiento></nacimiento>
                                    </autor>
                                    <autor>
                                        <nombre></nombre>
                                        <nacimiento></nacimiento>
                                    </autor>
                                </autores>
                            </libro>
                        </libros>
                    </estante>
                    <estante id="2", tema="Fantasía">
                        <libros>
                            <libro>
                                <titulo></titulo>
                                <publicacion>
                                    <year></year>
                                    <mes></mes>
                                    <dia></dia>
                                </publicacion>
                                <autores>
                                    <autor>
                                        <nombre></nombre>
                                        <nacimiento></nacimiento>
                                    </autor>
                                    <autor>
                                        <nombre></nombre>
                                        <nacimiento></nacimiento>
                                    </autor>
                                </autores>
                            </libro>
                            <libro>
                                <titulo></titulo>
                                <publicacion>
                                    <year></year>
                                    <mes></mes>
                                    <dia></dia>
                                </publicacion>
                                <autores>
                                    <autor>
                                        <nombre></nombre>
                                        <nacimiento></nacimiento>
                                    </autor>
                                    <autor>
                                        <nombre></nombre>
                                        <nacimiento></nacimiento>
                                    </autor>
                                </autores>
                            </libro>
                        </libros>
                    </estante>
                </estantes>
            </sala>
            <sala>
                <nombreSala></nombreSala>
                <capacidad></capacidad>
                <estante id="3", tema="Informática">
                    <libros>
                        <libro>
                            <titulo></titulo>
                            <publicacion>
                                <year></year>
                                <mes></mes>
                                <dia></dia>
                            </publicacion>
                            <autores>
                                <autor>
                                    <nombre></nombre>
                                    <nacimiento></nacimiento>
                                </autor>
                                <autor>
                                    <nombre></nombre>
                                    <nacimiento></nacimiento>
                                </autor>
                            </autores>
                        </libro>
                        <libro>
                            <titulo></titulo>
                            <publicacion>
                                <year></year>
                                <mes></mes>
                                <dia></dia>
                            </publicacion>
                            <autores>
                                <autor>
                                    <nombre></nombre>
                                    <nacimiento></nacimiento>
                                </autor>
                                <autor>
                                    <nombre></nombre>
                                    <nacimiento></nacimiento>
                                </autor>
                            </autores>
                        </libro>
                    </libros>
                </estante>
                <estante id="4", tema="Prosa">
                    <libros>
                        <libro>
                            <titulo></titulo>
                            <publicacion>
                                <year></year>
                                <mes></mes>
                                <dia></dia>
                            </publicacion>
                            <autores>
                                <autor>
                                    <nombre></nombre>
                                    <nacimiento></nacimiento>
                                </autor>
                                <autor>
                                    <nombre></nombre>
                                    <nacimiento></nacimiento>
                                </autor>
                            </autores>
                        </libro>
                        <libro>
                            <titulo></titulo>
                            <publicacion>
                                <year></year>
                                <mes></mes>
                                <dia></dia>
                            </publicacion>
                            <autores>
                                <autor>
                                    <nombre></nombre>
                                    <nacimiento></nacimiento>
                                </autor>
                                <autor>
                                    <nombre></nombre>
                                    <nacimiento></nacimiento>
                                </autor>
                            </autores>
                        </libro>
                    </libros>
                </estante>
            </sala>
        </salas>
    </biblioteca>
    <biblioteca>
        <nombre></nombre>
        <direccion>
            <pais></pais>
            <ciudad></ciudad>
            <calle></calle>
            <numero></numero>
        </direccion>
        <salas>
            <sala>
                <nombreSala></nombreSala>
                <capacidad></capacidad>
                <estantes>
                    <estante id="5", tema="XML">
                        <libros>
                            <libro>
                                <titulo></titulo>
                                <publicacion>
                                    <year></year>
                                    <mes></mes>
                                    <dia></dia>
                                </publicacion>
                                <autores>
                                    <autor>
                                        <nombre></nombre>
                                        <nacimiento></nacimiento>
                                    </autor>
                                    <autor>
                                        <nombre></nombre>
                                        <nacimiento></nacimiento>
                                    </autor>
                                </autores>
                            </libro>
                            <libro>
                                <titulo></titulo>
                                <publicacion>
                                    <year></year>
                                    <mes></mes>
                                    <dia></dia>
                                </publicacion>
                                <autores>
                                    <autor>
                                        <nombre></nombre>
                                        <nacimiento></nacimiento>
                                    </autor>
                                    <autor>
                                        <nombre></nombre>
                                        <nacimiento></nacimiento>
                                    </autor>
                                </autores>
                            </libro>
                        </libros>
                    </estante>
                    <estante id="6", tema="Biografías">
                        <libros>
                            <libro>
                                <titulo></titulo>
                                <publicacion>
                                    <year></year>
                                    <mes></mes>
                                    <dia></dia>
                                </publicacion>
                                <autores>
                                    <autor>
                                        <nombre></nombre>
                                        <nacimiento></nacimiento>
                                    </autor>
                                    <autor>
                                        <nombre></nombre>
                                        <nacimiento></nacimiento>
                                    </autor>
                                </autores>
                            </libro>
                            <libro>
                                <titulo></titulo>
                                <publicacion>
                                    <year></year>
                                    <mes></mes>
                                    <dia></dia>
                                </publicacion>
                                <autores>
                                    <autor>
                                        <nombre></nombre>
                                        <nacimiento></nacimiento>
                                    </autor>
                                    <autor>
                                        <nombre></nombre>
                                        <nacimiento></nacimiento>
                                    </autor>
                                </autores>
                            </libro>
                        </libros>
                    </estante>
                <estantes>
            </sala>
            <sala>
                <nombreSala></nombreSala>
                <capacidad></capacidad>
                <estantes>
                    <estante id="7", tema="Programación">
                        <libros>
                            <libro>
                                <titulo></titulo>
                                <publicacion>
                                    <year></year>
                                    <mes></mes>
                                    <dia></dia>
                                </publicacion>
                                <autores>
                                    <autor>
                                        <nombre></nombre>
                                        <nacimiento></nacimiento>
                                    </autor>
                                    <autor>
                                        <nombre></nombre>
                                        <nacimiento></nacimiento>
                                    </autor>
                                </autores>
                            </libro>
                            <libro>
                                <titulo></titulo>
                                <publicacion>
                                    <year></year>
                                    <mes></mes>
                                    <dia></dia>
                                </publicacion>
                                <autores>
                                    <autor>
                                        <nombre></nombre>
                                        <nacimiento></nacimiento>
                                    </autor>
                                    <autor>
                                        <nombre></nombre>
                                        <nacimiento></nacimiento>
                                    </autor>
                                </autores>
                            </libro>
                        </libros>
                    </estante>
                    <estante id="8", tema="Pornografía">
                        <libros>
                            <libro>
                                <titulo></titulo>
                                <publicacion>
                                    <year></year>
                                    <mes></mes>
                                    <dia></dia>
                                </publicacion>
                                <autores>
                                    <autor>
                                        <nombre></nombre>
                                        <nacimiento></nacimiento>
                                    </autor>
                                    <autor>
                                        <nombre></nombre>
                                        <nacimiento></nacimiento>
                                    </autor>
                                </autores>
                            </libro>
                            <libro>
                                <titulo></titulo>
                                <publicacion>
                                    <year></year>
                                    <mes></mes>
                                    <dia></dia>
                                </publicacion>
                                <autores>
                                    <autor>
                                        <nombre></nombre>
                                        <nacimiento></nacimiento>
                                    </autor>
                                    <autor>
                                        <nombre></nombre>
                                        <nacimiento></nacimiento>
                                    </autor>
                                </autores>
                            </libro>
                        </libros>
                    </estante>
                </estante>
            </sala>
        </salas>
    </biblioteca>
</bibliotecas>